level,prompt_name,prompt_text_hash,full_text,temperature,timestamp,input_tokens,output_tokens,word_count,bin_idx,rejection_sampled_accept,essay_id,ngram5_overlap_vs_human,p_ai_score
L0,Summer projects,26ade5a68e31c319,"# Summer Projects: Turning Free Time into Growth

Summer break has long represented a unique pocket of time—an interlude between the structured demands of the academic year where individuals, especially students, find themselves with unstructured hours to fill. While summer can easily become synonymous with relaxation and leisure, it also presents an invaluable opportunity for personal projects that foster growth, creativity, and skill development. Summer projects, whether academic, creative, or personal in nature, serve as powerful tools for self-improvement and can shape one's trajectory in meaningful ways.

## The Value of Self-Directed Learning

One of the most significant benefits of summer projects is the opportunity for self-directed learning. Unlike school assignments dictated by curricula and deadlines, summer projects allow individuals to pursue subjects purely out of curiosity and passion. A student fascinated by astronomy might spend the summer building a telescope and tracking celestial movements. Someone drawn to storytelling might spend those months writing a novel or learning screenwriting. This autonomy cultivates intrinsic motivation—a much more sustainable driver of learning than external pressure. When people choose their own projects, they develop ownership over their education, discovering that learning can be joyful rather than obligatory.

## Building Practical Skills

Summer projects also provide fertile ground for developing practical, real-world skills that classrooms often fail to teach. Learning to code an app, starting a small business, restoring an old bicycle, or learning to cook complex recipes all require problem-solving, patience, and resourcefulness. These experiences teach lessons that extend far beyond the specific skill being learned. A student who spends a summer building a website, for instance, learns not just coding but also troubleshooting, research skills, and the satisfaction of seeing a project through from conception to completion.

## Fostering Creativity and Innovation

Without the constraints of grades or rigid instructions, summer projects become spaces for genuine creativity. Freed from the fear of failure that often accompanies graded work, individuals can experiment, take risks, and explore unconventional ideas. This is where some of the most innovative thinking occurs—many successful entrepreneurs and inventors trace the origins of their ventures back to summer tinkering. The freedom to fail without significant consequence encourages bold thinking and out-of-the-box problem-solving that structured environments sometimes stifle.

## Strengthening College and Career Prospects

For students, well-chosen summer projects can also serve strategic purposes. Colleges and employers increasingly value demonstrated initiative over simple credentials. A meaningful summer project—whether it's independent research, a community service initiative, or a creative portfolio—can distinguish an applicant by showcasing genuine interests and follow-through. These projects tell a story about character: they demonstrate discipline, passion, and the ability to see an idea through to fruition, qualities that resonate in college essays and job interviews alike.

## Balancing Structure and Rest

However, it's important to recognize that not every summer must be filled with grand projects. The pressure to constantly be productive can undermine the restorative purpose of a break. The most successful summer projects often emerge organically from genuine curiosity rather than a need to appear accomplished. Finding balance—allowing time for both rest and purposeful engagement—ensures that projects enhance rather than detract from overall well-being.

## Conclusion

Summer projects represent more than a way to fill idle time; they are opportunities for exploration, skill-building, and personal discovery unconstrained by external expectations. Whether through creative pursuits, technical challenges, or community engagement, these projects can leave lasting impacts on personal growth and future opportunities. Ultimately, the value of a summer project lies not in its scale or impressiveness, but in the genuine engagement, learning, and joy it brings to the person pursuing it.",1.0,1786738967.9528759,16,1270,594,2,True,exp5_L0_Summer_projects_0,0.005084745762711864,0.9815772791391041
L0,Summer projects,26ade5a68e31c319,"# Summer Projects: Making the Most of Unstructured Time

Summer occupies a unique place in our yearly rhythm. Unlike the structured months of the academic or professional calendar, summer often brings a loosening of obligations—longer days, lighter schedules, and a psychological permission to explore. This makes it an ideal season for personal projects: those self-directed endeavors we pursue not because we must, but because we want to.

## Why Summer Projects Matter

There's something valuable about choosing to build, learn, or create something purely on our own initiative. Summer projects offer a rare opportunity to pursue curiosity without the pressure of grades, deadlines, or performance reviews. They become spaces where failure carries lower stakes and experimentation feels natural rather than risky.

For students, summer projects can fill the gap left by structured coursework, allowing for deeper exploration of subjects that classroom time never permitted. For working professionals, they offer a chance to reconnect with hobbies or skills unrelated to career advancement. For everyone, they represent an investment in personal growth that exists outside the usual metrics of success.

## Types of Summer Projects

**Creative pursuits** might include writing a novel, learning to paint, composing music, or starting a photography series. These projects tap into forms of expression that daily routines often crowd out.

**Learning-based projects** could involve teaching yourself a new language, diving into an online course, or reading through a stack of books you've always meant to tackle. Summer's slower pace makes sustained, focused learning more feasible.

**Physical projects** range from garden renovations to home repairs to fitness challenges. There's something deeply satisfying about tangible, visible progress—a garden that blooms, a room that transforms, a body that grows stronger.

**Technical projects** appeal to those drawn to building things: coding a small app, restoring an old bicycle, or tinkering with electronics. These projects often blend problem-solving with hands-on satisfaction.

**Community-oriented projects** might involve volunteering, organizing a neighborhood event, or mentoring someone. These extend the benefits of personal growth into collective good.

## The Challenge of Follow-Through

Despite good intentions, summer projects often stall. The very freedom that makes summer appealing can also work against sustained effort—without external structure, motivation can wane. The key to overcoming this isn't more willpower, but better systems: setting realistic scope, breaking projects into manageable pieces, and perhaps most importantly, choosing something you're genuinely excited about rather than something you feel you ""should"" do.

It also helps to embrace flexibility. A summer project doesn't need to result in a finished novel or a perfectly renovated garden. Sometimes the value lies in the process itself—the hours spent absorbed in something meaningful, the skills incrementally built, the curiosity satisfied along the way.

## Conclusion

Summer projects represent more than ways to fill idle time. They're expressions of autonomy, curiosity, and the human desire to create and improve. Whether ambitious or modest, completed or merely begun, these projects remind us that growth doesn't require external permission or structure. All it takes is the decision to start—and the season's open time makes that decision a little easier to act on.",1.0,1786738991.812097,16,1063,510,1,True,exp5_L0_Summer_projects_1,0.001976284584980237,0.9871790208464315
L0,Mandatory extracurricular activities,1b281cab8b026c84,"# The Case for Mandatory Extracurricular Activities in Schools

Education has traditionally been measured by grades, test scores, and academic achievement. However, a growing body of evidence suggests that a well-rounded education requires more than textbooks and classroom instruction. Mandatory extracurricular activities—whether in sports, arts, clubs, or community service—can play a crucial role in shaping students into capable, confident, and socially adept individuals. While some argue that mandating such activities infringes on personal choice, the benefits they provide often outweigh these concerns.

## Building Essential Life Skills

Extracurricular activities offer students opportunities to develop skills that classroom learning alone cannot provide. Team sports teach cooperation, leadership, and resilience in the face of failure. Debate clubs sharpen critical thinking and public speaking abilities. Music and art programs foster creativity and discipline. These skills are not merely supplementary; they are fundamental to success in adulthood, whether in the workplace or personal relationships. By making participation mandatory, schools ensure that all students—not just those who naturally gravitate toward such activities—have the chance to develop these competencies.

## Promoting Social Inclusion and Discovery

One of the most compelling arguments for mandatory extracurricular participation is that it exposes students to experiences they might never choose on their own. A shy student might discover a passion for theater only after being required to join a drama club. An academically-focused student might find unexpected joy in athletics. Without a mandate, students often self-select into familiar territories, missing opportunities for personal growth and self-discovery. Mandatory programs level the playing field, ensuring equal access regardless of a student's background, confidence level, or family encouragement.

## Combating Sedentary Lifestyles and Mental Health Struggles

In an era dominated by screens and academic pressure, extracurricular activities can serve as a vital counterbalance. Physical activities combat the rising rates of childhood obesity and related health issues, while creative and social activities provide outlets for stress and anxiety. Requiring participation ensures that students who might otherwise retreat into isolation or excessive screen time are instead engaged in constructive, health-promoting pursuits.

## Addressing the Counterarguments

Critics of mandatory extracurricular activities raise valid concerns. They argue that forcing participation undermines the very autonomy and intrinsic motivation that make such activities valuable in the first place. Some students already face heavy academic workloads, and additional mandatory commitments could lead to burnout rather than growth. Furthermore, not all students have equal access to resources—transportation, equipmen, or time—that participation might require.

These concerns are legitimate and must be addressed through thoughtful implementation. Schools should offer a diverse range of options so students can find activities that resonate with their interests, rather than imposing a one-size-fits-all approach. Programs should be structured to accommodate varying schedules and socioeconomic circumstances, perhaps by integrating activities into the school day rather than adding to students' after-school burden. Flexibility, rather than rigid requirements, can help mandatory programs feel less like impositions and more like opportunities.

## Conclusion

Mandatory extracurricular activities, when thoughtfully designed and implemented, offer significant benefits that extend far beyond the classroom. They cultivate essential life skills, promote inclusivity, and support physical and mental well-being. While concerns about autonomy and equity are valid, they can be mitigated through flexible, diverse programming that respects students' individual circumstances. Ultimately, by requiring participation in extracurricular activities, schools can help ensure that every student has the opportunity to develop into a well-rounded individual prepared for the challenges of adulthood.",1.0,1786739014.161554,23,1236,562,2,True,exp5_L0_Mandatory_extracurri_2,0.005376344086021506,0.995190097007235
L0,Distance learning,4236fe081fee5583,"# Distance Learning: Transforming Education in the Modern Age

Distance learning has fundamentally reshaped how education is delivered and accessed in the 21st century. What began as basic correspondence courses has evolved into a sophisticated ecosystem of virtual classrooms, interactive platforms, and digital resources that connect students and educators across the globe. This transformation has been particularly accelerated by technological advances and, more recently, by global circumstances that necessitated remote learning solutions on an unprecedented scale.

## The Evolution of Distance Learning

Distance learning is not a new concept. Its roots trace back to the 19th century with correspondence courses conducted through mail. However, the digital revolution has transformed this once-limited educational option into a robust and dynamic mode of instruction. The introduction of the internet, video conferencing tools, learning management systems, and mobile technology has created opportunities for real-time interaction, multimedia content delivery, and collaborative learning that were unimaginable just decades ago.

## Advantages of Distance Learning

One of the most significant benefits of distance learning is accessibility. Students who might otherwise be unable to pursue education due to geographic location, physical disabilities, financial constraints, or family obligations can now access quality instruction from anywhere with an internet connection. This democratization of education has opened doors for countless individuals who were previously excluded from traditional academic settings.

Flexibility is another compelling advantage. Distance learning allows students to structure their study schedules around work, family responsibilities, and other commitments. Asynchronous learning options, in particular, enable students to engage with course material at their own pace, revisiting difficult concepts as needed and progressing quickly through material they grasp easily.

Additionally, distance learning often proves more cost-effective than traditional education. Students save on commuting, housing, and other expenses associated with attending physical institutions. Educational institutions can also reduce overhead costs, potentially translating to lower tuition fees.

## Challenges and Limitations

Despite its many benefits, distance learning presents significant challenges. The lack of face-to-face interaction can lead to feelings of isolation and disconnection among students. Building relationships with peers and instructors, which often happens organically in physical classrooms, requires more deliberate effort in virtual environments.

Self-discipline and time management become critical skills for success in distance learning, and not all students possess these skills naturally. Without the structure of a physical classroom, some learners struggle to stay motivated and may fall behind in their coursework.

Technical issues also pose considerable obstacles. Not all students have reliable internet access or appropriate devices for online learning, creating a digital divide that can exacerbate existing educational inequalities. Furthermore, certain subjects that require hands-on practice, laboratory work, or physical demonstration can be difficult to teach effectively through virtual platforms alone.

## The Role of Technology

The success of distance learning heavily depends on technological infrastructure and tools. Video conferencing platforms like Zoom and Microsoft Teams have become essential for synchronous learning, while learning management systems such as Canvas and Blackboard facilitate course organization, assignment submission, and grade tracking. Artificial intelligence and adaptive learning technologies are increasingly being integrated to personalize education, identifying individual student needs and adjusting content delivery accordingly.

## Looking Forward

As we move forward, distance learning is likely to continue evolving rather than disappearing, even as in-person education resumes in many contexts. Hybrid models that combine the best elements of both traditional and remote learning are gaining popularity, offering flexibility while maintaining valuable face-to-face interaction. Continued investment in technology, teacher training, and digital equity will be essential to maximize the benefits of distance learning while addressing its inherent challenges.

## Conclusion

Distance learning represents a significant shift in educational paradigms, offering unprecedented access and flexibility while presenting unique challenges that must be thoughtfully addressed. As technology continues to advance and our understanding of effective online pedagogy deepens, distance learning will likely become an increasingly integral and refined component of the global education landscape. Success in this new educational frontier requires collaboration among educators, technologists, policymakers, and students themselves to create learning environments that are accessible, engaging, and effective for all.",1.0,1786739171.8760982,16,1431,666,2,True,exp5_L0_Distance_learning_3,0.015105740181268883,0.9968014929924461
L1,Summer projects,4390841ef8a800f5,"# The Case for Student-Designed Summer Projects

While teacher-designed projects offer structure and align with curriculum standards, student-designed summer projects ultimately foster deeper learning and should be the preferred approach.

## Ownership Drives Engagement

When students choose their own topics, they invest more effort and curiosity into the work. A student passionate about basketball might design a project analyzing shooting percentages and angles using geometry, blending personal interest with academic skill. This same student, handed a generic teacher-assigned worksheet packet, might complete it with minimal enthusiasm just to check a box.

## Real-World Skills Development

Designing one's own project requires planning, goal-setting, and self-assessment—skills that matter far more in adulthood than memorizing assigned content. A student who decides to learn basic coding by building a simple app must:

- Research resources independently
- Set realistic milestones
- Troubleshoot problems without a teacher's guidance
- Evaluate their own progress

These are precisely the skills colleges and employers value, yet traditional coursework rarely develops them explicitly.

## Accommodating Diverse Interests and Circumstances

Students have vastly different summer situations—some travel, some work jobs, some care for siblings. A one-size-fits-all teacher-designed project ignores this reality. Student-designed projects allow flexibility: a student working at a family restaurant could create a project studying food costs and profit margins, while a student traveling internationally might document cultural comparisons through photography and journaling. Both fulfill the goal of continued learning while respecting individual circumstances.

## Addressing the Counterargument

Critics argue that teacher-designed projects ensure academic rigor and prevent students from choosing overly simple tasks. This concern has merit, but it can be resolved through **guided choice** rather than eliminating student input. Teachers can provide:

- A rubric outlining required elements (e.g., ""must include research, a creative product, and written reflection"")
- Broad category options (STEM, arts, community service, literature)
- Approval checkpoints where students submit proposals before starting

This hybrid model preserves academic standards while still allowing students the autonomy that makes the sustained work of summer projects genuinely worthwhile.

## Conclusion

Summer learning shouldn't feel like an extension of forced schoolwork—it should feel like an opportunity for genuine exploration. When students design their own projects within a thoughtful framework, they're more likely to complete them meaningfully, retain what they learn, and return to school not just informed, but genuinely curious.",1.0,1786739254.27273,73,843,383,0,True,exp5_L1_Summer_projects_4,0.021108179419525065,0.9962596276885287
L1,Summer projects,4390841ef8a800f5,"# The Case for Student-Designed Summer Projects

Summer learning projects should be primarily student-designed, with teacher guidance rather than teacher control. While structure and standards matter, giving students ownership over their summer learning produces deeper engagement, more meaningful skill development, and better preparation for the self-directed learning they'll need throughout life.

## Reason 1: Ownership Drives Genuine Engagement

When students choose their own topics, they invest real effort rather than completing a checklist. A teacher-assigned project—say, ""write a five-paragraph essay on a historical figure""—often produces exactly what it sounds like: minimal, obligatory work aimed at satisfying requirements rather than exploring ideas.

Compare this to a student who loves skateboarding and decides to research the physics of skateboard tricks, keep a video journal of her progress, and calculate angles and momentum for different maneuvers. She's practicing writing, science, and math skills—but because *she* chose the framework, she'll likely go deeper than any assigned worksheet would require.

## Reason 2: Self-Direction Is Itself a Critical Skill

Part of the goal of education is preparing students to learn independently, without someone constantly assigning tasks. Adults rarely receive detailed instructions for personal growth; they must identify their own goals and pursue them. A summer project that requires students to identify a question, plan how to investigate it, and follow through builds exactly this capacity.

For example, a student interested in cooking might set a goal to learn to make bread from scratch, research different techniques, document failures and successes, and calculate ratios for scaling recipes. This requires planning, troubleshooting, and reflection—skills far more transferable than memorizing teacher-selected content.

## Reason 3: Diverse Interests Require Diverse Projects

Classrooms contain students with wildly different passions, strengths, and needs. A single teacher-designed project can't serve a future engineer and a future novelist equally well. Student-designed projects allow for this diversity: one student might build a small robot and document the engineering process, while another writes a collection of short stories, and another researches her family's immigration history.

## Addressing the Counterargument

Critics rightly worry that unstructured choice could lead to superficial or unchallenging projects. This concern is valid but doesn't require abandoning student choice—it requires **guided** choice. Teachers can provide:

- A menu of subject areas or skills students must incorporate (e.g., ""your project must involve reading, writing, and one additional subject"")
- Checkpoints or brief proposals submitted before summer begins
- Clear criteria for depth and effort, even if the topic is open
- A short reflection or presentation component in the fall

This maintains accountability without dictating content.

## Conclusion

Teacher-designed projects offer uniformity and control, but they often produce compliance rather than curiosity. Student-designed projects, especially when guided by clear expectations, cultivate the ownership, motivation, and self-direction that make learning stick—not just over the summer, but for life.",1.0,1786739254.2796478,73,999,464,1,True,exp5_L1_Summer_projects_5,0.015217391304347827,0.982245819069309
L1,Mandatory extracurricular activities,7544b654b485f5b7,"# The Case Against Mandatory Extracurricular Activities

I disagree with the principal's decision to require all students to participate in an extracurricular activity. While extracurriculars offer valuable benefits, forcing participation is likely to backfire and create more problems than it solves.

## Mandatory Participation Undermines the Purpose

Extracurricular activities work best when students choose them out of genuine interest. A student who joins the debate team because they love arguing and researching will thrive, while a student forced into it just to meet a requirement will likely resent the activity and drag down the experience for everyone else. Coaches and club advisors already struggle with motivating reluctant participants—adding students who don't want to be there makes their jobs harder and can lower the quality of the activity for committed members.

## Students Have Different Responsibilities Outside School

Many students already have significant commitments that make an extra activity impractical. Some students work part-time jobs to help support their families financially. Others serve as caregivers for younger siblings or family members after school. Still others may need that time for tutoring, medical appointments, or religious commitments. A blanket requirement doesn't account for these real differences in students' lives, and it could actually harm families who depend on that time and income.

## Academic Pressure and Mental Health

Students already juggle homework, studying, and test preparation. Adding a mandatory activity increases stress, especially for students who are already overwhelmed. For example, a student struggling in chemistry who needs after-school tutoring time might instead be forced onto a sports team, hurting their grades and increasing anxiety. Instead of building well-rounded students, this policy risks burning them out.

## A Better Alternative

Rather than mandating participation, the school could make extracurriculars more appealing and accessible—offering a wider variety of clubs, scheduling flexible meeting times, or creating ""activity fairs"" so students can discover options that genuinely interest them. Encouragement and exposure are more effective motivators than requirements.

## Conclusion

While extracurricular involvement can build skills, friendships, and confidence, mandating it ignores the diverse needs and responsibilities of individual students. The school should focus on making these opportunities appealing and accessible, not compulsory.",1.0,1786739285.6852138,90,721,357,1,True,exp5_L1_Mandatory_extracurri_6,0.059490084985835696,0.892138416578818
L1,Mandatory extracurricular activities,7544b654b485f5b7,"# Mandatory Extracurricular Activities: A Flawed Policy

I disagree with the principal's decision to require all students to participate in at least one extracurricular activity. While extracurriculars offer valuable benefits, mandating participation undermines their purpose and creates unnecessary problems for students, teachers, and the school community.

## Extracurriculars Should Be a Choice, Not an Obligation

The entire value of extracurricular activities comes from genuine interest and voluntary commitment. When students choose to join the debate team or play soccer because they *want* to, they show up motivated, engaged, and willing to put in effort. Forcing uninterested students into activities creates the opposite effect—reluctant participants who resent the requirement and drag down the experience for everyone else.

For example, imagine a shy student who dreads public speaking being forced onto the debate team simply to fulfill a requirement. This student will likely feel anxious and miserable, while the team suffers from having an unmotivated member who doesn't contribute meaningfully.

## Students Have Different Life Circumstances

This policy ignores the reality that students juggle vastly different responsibilities outside of school. Many students work part-time jobs to help support their families financially. Others serve as caregivers for younger siblings or family members with health issues. Still others may need every free hour for tutoring or extra academic support just to keep their grades up.

Consider a student who works 20 hours a week at a grocery store to help pay household bills. Adding a mandatory after-school commitment could force this student to choose between keeping their job and meeting a school requirement—an unfair position that could jeopardize their family's financial stability.

## Overloaded Schedules Harm Academic Performance and Mental Health

Students already face significant demands from homework, studying, and college preparation. Adding a mandatory activity on top of these responsibilities increases stress and can lead to burnout. Research consistently shows that excessive stress negatively affects both academic performance and mental health.

A student already struggling to keep up with AP coursework shouldn't be forced to sacrifice sleep or study time to fulfill an activity requirement they never wanted in the first place.

## A Better Alternative: Encouragement Over Enforcement

Rather than mandating participation, the school should focus on making extracurriculars more appealing and accessible. This could include:

- Showcasing success stories from current club and team members
- Offering a wider variety of activities to match diverse interests
- Providing flexible meeting times to accommodate working students
- Creating incentives, like recognition or small privileges, for voluntary participation

## Conclusion

While extracurricular activities offer real benefits—building friendships, developing skills, and creating memorable experiences—these benefits only materialize when students participate by choice. A mandatory policy ignores individual circumstances, risks lowering the quality of these programs, and adds unnecessary stress to already busy students. Instead of forcing participation, the school should inspire it through genuine encouragement and accessible options for every student.",1.0,1786739298.5776582,90,980,477,2,True,exp5_L1_Mandatory_extracurri_7,0.04439746300211417,0.9912176054629022
L1,Grades for extracurricular activities,530c9071a7aa5155,"# A Letter to the Principal

Dear Principal [Name],

I am writing to share my thoughts regarding the proposed policy that would require students to maintain at least a B average to participate in sports and other extracurricular activities. After careful consideration, I believe this policy should not be implemented, and I would like to explain why.

First, extracurricular activities often serve as motivation for students to stay engaged with school in the first place. Many students who struggle academically find purpose and connection through sports, band, drama, or clubs. If we remove these activities from students with a C average, we risk removing the very thing that keeps them coming to school and caring about their grades at all. A student who loses their spot on the soccer team may not suddenly focus harder on homework—they may simply disengage entirely.

Second, participation in sports and activities teaches skills that classroom grades don't always reflect, such as teamwork, discipline, time management, and leadership. These are valuable, real-world skills that benefit students regardless of their GPA. Punishing students academically by taking away these opportunities could deprive them of experiences that help them grow as people.

Third, this policy could disproportionately affect students who already face challenges outside of school, such as family responsibilities, part-time jobs, or lack of access to tutoring. A blanket B-average requirement doesn't account for individual circumstances, and it risks punishing students for struggles that are not entirely within their control.

Instead of an outright ban, I would suggest alternative solutions. For example, the school could require struggling students to attend study hall sessions or tutoring in exchange for continued participation. This way, students remain accountable for their grades while still having access to the activities that keep them motivated and connected to school.

Thank you for considering student input on this important issue. I appreciate the opportunity to share my perspective, and I hope we can find a solution that supports both academic achievement and student engagement.

Sincerely,
[Your Name]",1.0,1786739340.596212,127,615,333,2,True,exp5_L1_Grades_for_extracurr_8,0.04559270516717325,0.905160394456005
L1,Distance learning,b52c8e4be87737f0,"# The Case for Distance Learning Options

I believe giving students the choice to attend classes from home offers significant benefits, though it works best as an option rather than a mandate.

## Flexibility Accommodates Different Life Circumstances

Not all students have identical needs. Some students manage health conditions, family responsibilities, or long commutes that make traditional attendance difficult. A student caring for a younger sibling after school, or one dealing with chronic illness, can stay engaged with coursework without sacrificing their education entirely. During the COVID-19 pandemic, many schools demonstrated that continuity of learning was possible even when physical attendance wasn't.

## Personalized Learning Environments

Students learn differently. Some thrive in the energy of a classroom, while others focus better in quiet, controlled environments. Distance learning allows students to:

- Work at their own pace through recorded lectures
- Eliminate distractions common in crowded classrooms
- Create study spaces suited to their learning style
- Revisit difficult material as needed

## Building Digital Literacy Skills

Since online collaboration is increasingly common in college and the workplace, early exposure to video conferencing, digital submissions, and virtual communication prepares students for modern professional environments.

## Important Caveats

That said, distance learning isn't ideal for everyone. Younger students often need in-person structure and social interaction for development. Students who struggle with self-motivation may fall behind without direct supervision. Additionally, not all families have reliable internet access or a quiet space to learn, which can widen achievement gaps.

## Conclusion

Rather than an all-or-nothing approach, schools should offer distance learning as a genuine choice alongside traditional classes. This respects that students have different needs, learning styles, and life circumstances, while still preserving the option of in-person learning for those who benefit most from that structure and social environment. Flexibility, not uniformity, seems to serve students best.",1.0,1786739386.6876335,80,632,303,0,True,exp5_L1_Distance_learning_9,0.033444816053511704,0.9984737605996722
L1,Distance learning,b52c8e4be87737f0,"# The Case for Distance Learning Options in Education

Distance learning has transformed from a niche alternative to a mainstream educational option, and I believe students would genuinely benefit from having this choice available. While it isn't the right fit for everyone, offering distance learning alongside traditional classroom instruction creates a more flexible, accessible, and personalized educational system.

## Flexibility Supports Diverse Life Circumstances

Not all students have the luxury of a ""typical"" school day. Some students work part-time jobs to help support their families, others serve as caregivers for siblings or relatives, and some manage chronic health conditions that make consistent in-person attendance difficult. Distance learning allows these students to keep pace academically without sacrificing other essential responsibilities.

For example, a student caring for a sick parent might need to attend a doctor's appointment mid-morning. With online class access, they could watch a recorded lecture that evening rather than falling behind or missing school entirely.

## Reduced Commute Time Means More Learning Time

Students spend significant amounts of time traveling to and from school—sometimes over an hour each way in rural or heavily congested urban areas. Distance learning eliminates this ""dead time,"" giving students more hours for sleep, homework, extracurricular activities, or part-time work. Better rest and reduced stress from eliminating long commutes can directly improve concentration and academic performance.

## Personalized Pacing and Reduced Anxiety

Traditional classrooms move at a fixed pace that doesn't suit every learner. Students with social anxiety, for instance, often struggle to participate in crowded classrooms, fearing judgment from peers. Distance learning can lower this pressure, allowing anxious students to engage more comfortably through chat features or recorded responses rather than speaking aloud in front of thirty classmates.

Additionally, recorded lectures allow students to pause, rewind, and rewatch material they didn't fully grasp the first time—something impossible in a live classroom setting.

## Addressing the Counterargument

Critics rightly point out that distance learning can reduce social interaction and hands-on collaboration, both of which are vital to child development. Younger students, in particular, may lack the self-discipline needed for independent online learning. These are valid concerns, which is why distance learning should function as an *option*, not a full replacement for traditional schooling. Hybrid models—where students attend some classes in person and others online—can strike this balance effectively.

## Conclusion

The COVID-19 pandemic proved that large-scale distance learning is technically feasible, and we've since learned valuable lessons about its strengths and limitations. Rather than viewing it as a temporary emergency solution, schools should embrace distance learning as a legitimate, permanent option that empowers students with real circumstances—jobs, family duties, health issues, or unique learning styles—to succeed on their own terms. Education should adapt to fit students' lives, not force students to fit into one rigid mold.",1.0,1786739397.560175,80,969,461,1,True,exp5_L1_Distance_learning_10,0.015317286652078774,0.9998812060482345
L1,Seeking multiple opinions,a0321792990dee98,"# Why Seeking Multiple Opinions Leads to Better Decisions

When facing an important decision, consulting several people rather than just one can significantly improve the quality of your choice. Here's why this approach works:

## 1. **Different People Have Different Expertise**

No single person has knowledge in every area. For example, if someone is deciding whether to take a new job offer, they might talk to:
- A **financial advisor** about salary and benefits
- A **mentor in the same industry** about career growth potential
- A **close friend or family member** about work-life balance and personal happiness

Each person contributes insight the others might miss.

## 2. **It Reduces the Risk of Bias**

Everyone has personal biases based on their own experiences. If you only ask one person—say, a parent who is naturally protective—you might get overly cautious advice. If you only ask an ambitious coworker, you might get advice that's too risk-tolerant. Gathering multiple perspectives helps balance out these individual biases and gives a more well-rounded view.

## 3. **You Can Spot Patterns in the Advice**

When several people independently give similar advice, it signals that the advice is likely sound. For instance, if three different friends all express concern about the same issue—like a business partner's reliability—that repeated warning carries more weight than a single person's opinion.

## 4. **It Encourages Critical Thinking**

Hearing different, sometimes conflicting, viewpoints forces the decision-maker to think more deeply. For example, if one friend says ""take the risk"" and another says ""play it safe,"" the person has to evaluate *why* each person feels that way, leading to a more thoughtful and personalized decision rather than blindly following one voice.

## 5. **It Provides Emotional Support and Confidence**

Big decisions—like choosing a college, ending a relationship, or changing careers—can be stressful. Talking to multiple trusted people can offer emotional reassurance, helping the person feel more confident and less alone in their choice.

## Conclusion

While it's ultimately up to the individual to make the final decision, gathering input from multiple sources provides a fuller picture, reduces blind spots, and increases the likelihood of choosing wisely. Just as a doctor might recommend a ""second opinion"" before major surgery, seeking multiple perspectives in everyday life helps ensure that important decisions are made with as much insight and confidence as possible.",1.0,1786739410.3171935,62,781,386,1,True,exp5_L1_Seeking_multiple_opi_11,0.01832460732984293,0.997053620856052
L1,Seeking multiple opinions,a0321792990dee98,"# Why Seeking Multiple Opinions Leads to Better Decisions

When facing an important decision, consulting several people rather than just one can significantly improve the quality of the choice you make. Here's why this approach works:

## 1. Different Perspectives Reveal Blind Spots

Everyone sees a situation through their own lens, shaped by their experiences and knowledge. One person might notice something entirely invisible to another.

**Example:** Imagine someone deciding whether to accept a job offer. A friend who works in finance might point out red flags in the compensation package, while a mentor with industry experience might highlight concerns about the company's reputation. A family member might ask practical questions about work-life balance that neither friend considered. Each person catches something the others missed.

## 2. It Helps Balance Emotional Bias with Objectivity

People close to us sometimes tell us what we want to hear, while others might be overly critical. Gathering multiple viewpoints helps filter out extreme opinions and find a more balanced truth.

**Example:** A student unsure about choosing a college major might get encouragement from a parent who wants them to feel confident, but a professor might give more realistic feedback about job prospects in that field. Hearing both allows the student to weigh optimism against practicality.

## 3. Expertise Varies by Person

No single person is an expert in everything. Different advisors often bring specialized knowledge relevant to different parts of a decision.

**Example:** Someone deciding whether to start a small business might talk to an accountant about financial risks, a friend who already owns a business about day-to-day challenges, and a lawyer about legal requirements. Combining this specialized input creates a more complete picture than relying on one generalized opinion.

## 4. It Reduces the Risk of Groupthink or Manipulation

If someone only asks one person, they risk being influenced by that person's personal agenda, mood, or limited outlook. Multiple opinions act as a check against bad advice.

**Example:** If a person only asks their business partner whether to invest more money into a struggling project, the partner might be biased toward continuing (due to sunk cost or personal investment). Asking a neutral financial advisor provides an outside check on that potentially biased judgment.

## 5. Patterns Emerge from Repeated Feedback

When multiple people independently raise the same concern or give similar advice, it signals that the issue is likely significant and not just one person's personal opinion.

**Example:** If three different friends all express concern about the same relationship red flag, that consistency carries more weight than if only one person mentioned it—suggesting the issue is real rather than a personal bias of a single advisor.

## Conclusion

Ultimately, seeking multiple opinions doesn't mean blindly following everyone's advice—it means gathering diverse input to build a fuller, more balanced understanding of a situation. By comparing different viewpoints, weighing areas of agreement and disagreement, and considering each person's expertise and potential biases, a person can make a far more informed and confident decision than they could by relying on a single source of advice.",1.0,1786739410.3150263,62,996,509,2,True,exp5_L1_Seeking_multiple_opi_12,0.007920792079207921,0.9082386499097829
L3,Summer projects,fd95345548714a60,"# Let Kids Design Their Own Summer Projects

Here's a controversial take: summer projects work best when students design them themselves, with teachers stepping back into more of a coaching role. Sure, teacher-designed assignments have their perks—consistency, tidy alignment with curriculum standards, the whole package. But if the actual point of summer learning is to keep kids curious and engaged while school's out, student-led projects just do that job better.

## Choice Changes Everything

Give a student ownership over their own project, and something shifts. They try harder. They get creative. Compare that to a standardized reading list or worksheet packet, the kind of thing that gets crammed into the last panicked week of August. Now picture a kid building a birdhouse to learn geometry and basic woodworking. Or one who gets obsessed with tracing their family tree, digging through old records, writing it all up. That's not homework. That's curiosity with a task attached.

Take a student who's really into video games. Hand them a generic book report, and you'll get generic effort. But let them research the design and programming behind their favorite game, then build a rough demo of their own? Suddenly they're learning coding, logic, project management, even storytelling—and they're motivated the whole way through, because they actually care how it turns out.

## Skills That Actually Transfer

Self-designed projects force kids to practice things worksheets never touch: setting goals, managing time, checking their own progress. Say a student decides to train for a 5K over the summer. They'll need a training plan, some way to track progress, and the flexibility to adjust when things go sideways—an injury, a bad week, whatever. That's real problem-solving. Far more useful than filling in blanks on a predetermined packet.

## But What About Rigor?

Fair point, critics say—without guardrails, some students will pick projects with little to no academic substance. That's a legitimate worry, and it deserves a real answer, not a dismissal.

The fix isn't more control. It's a middle path: teachers set the learning goals, students pitch how their project meets them. Something like ""include 20 pages of reading"" or ""apply one math concept, your choice."" A kid planning a beach trip who wants to study marine life might get nudged toward researching ocean ecosystems, calculating tide patterns, writing a few reflections along the way. Science, math, and literacy—all covered, all wrapped around a topic the student actually picked.

## The Bottom Line

Summer projects exist to stop the brain-drain of a long break, to keep kids thinking. Teacher-designed assignments too often become just another box to check, disconnected from anything the student actually wants to explore. Student-designed projects—loosely structured, clearly aimed—turn that obligation into something closer to real discovery. And that, frankly, tends to stick.",1.0,1786739435.9031591,1135,1845,459,1,True,exp5_L3_Summer_projects_13,0.002197802197802198,0.9999606151633014
L3,Summer projects,5afba9dbc7dbc95f,"# Let Kids Design Their Own Summer Projects

Here's a controversial take: summer projects work better when students design them, not teachers. Sure, teachers know things. Lots of things. But handing kids the reins on their own summer learning? That's where the magic happens—deeper engagement, real skills, knowledge that actually sticks.

## Choice Changes Everything

Give a kid ownership over a project, and watch what happens. Effort goes up. Enthusiasm follows. Take a basketball-obsessed teenager—let them design something around shooting percentages and shot geometry, and suddenly they're doing math without complaining about doing math. Hand that same kid a photocopied worksheet packet instead? They'll trudge through it, checking boxes, counting minutes. Same rigor, wildly different outcome. The variable isn't difficulty. It's investment.

## This Is How Adults Actually Learn

Nobody's handing grown-ups worksheets telling them how to pursue a hobby. Want to learn Thai cooking? You research ingredients, watch videos, mess up a few dishes, figure out what ""fish sauce"" actually smells like. That messy, self-directed process—that's a skill. And it's exactly what student-designed projects teach. Adults don't wait for someone to structure their curiosity for them; they chase it themselves.

## Twenty-Five Kids, Twenty-Five Different Brains

Walk into any classroom and you'll find wildly different humans crammed into one room. Assign everyone the same five novels, and you'll thrill the bookworm while losing the kid who lives for graphic novels or true crime podcasts. Meanwhile, someone else might've loved that exact structure. Student-designed projects sidestep this problem entirely—let the aspiring novelist draft chapters, the science kid run backyard experiments, the musician compose something weird and original. Different paths, same destination: real intellectual engagement.

## Freedom Doesn't Mean Chaos

None of this means ""anything goes."" Teachers still matter here—just differently. They should offer:

- **Objectives**, loosely defined (""show growth in reading, writing, or problem-solving"")
- **Checkpoints**—a quick midsummer check-in keeps things honest
- **Boundaries** around time and format
- **Support**, whether that's resource lists or example categories for the stuck-and-uninspired

Maybe every project needs a reading piece, something creative or analytical, and a reflection at the end. Beyond that? Topic, format, approach—all up to the student.

## The Bottom Line

Teacher-designed projects are safe. Predictable. Rigorous, even. But they trade away the one thing that makes summer learning stick: genuine engagement. Student-designed projects, anchored by a few smart guardrails, offer something better—accountability without killing curiosity. Let a kid choose their own path, and chances are good they'll actually walk it. Force the path on them, and you might just watch them stall out halfway through July.",1.0,1786739435.904988,1200,1998,426,0,True,exp5_L3_Summer_projects_14,0.002369668246445498,0.9998907108557858
L3,Summer projects,52f3e9174a85ab55,"# Let Kids Design Their Own Summer Projects

Here's a controversial-sounding but actually pretty reasonable take: summer learning projects should mostly come from students themselves. Teachers guide, sure—but they shouldn't be calling all the shots. Yes, educators know things. Yes, their expertise matters. But when students get a hand in building their own project, something shifts. Engagement goes up. Different interests actually get served instead of steamrolled. And kids start developing the kind of self-directed learning muscle they'll need long after they've left the classroom behind.

## Ownership Is What Makes Effort Real

Give a student some say in what they're studying, and watch what happens to their effort level. Hand a kid a teacher-picked reading list, and you'll probably get skimming—just enough to fill out the worksheet, nothing more. But let a student pick marine biology because they're genuinely obsessed with ocean life? Suddenly they're devouring books, binge-watching documentaries, dragging their family to the aquarium on a random Tuesday. Nobody made them do that. That's the motivation summer projects should be chasing. The whole point, after all, is fighting the ""summer slide""—and you don't beat that with compliance. You beat it with actual curiosity.

## Thirty Kids, Thirty Passions—One Assignment Won't Cut It

Think about it: no single teacher-designed project, however clever, can possibly serve thirty kids with thirty different obsessions. One loves cooking. Another can't stop coding. A third is training for a 5K and talks about nothing else. Force all three into the same rigid assignment, and you'll get mediocre results across the board—because it fits none of them well. But flip it around. Give them a loose framework—something like ""combine math and creativity""—and suddenly the coder builds an app, the baker starts calculating ingredient ratios and costs, and both are hitting the same learning targets through work that actually means something to them.

## Practicing the Skill of Learning Itself

Real talk: life doesn't come with a syllabus. Nobody's handing out detailed instructions for what to learn next once school's over. So the ability to spot a goal, map out a plan, and actually follow through? That's a skill in itself—arguably one of the most important ones. A kid who decides, on their own, to learn basic Spanish before a family trip abroad is quietly practicing goal-setting, research, time management, self-assessment—the whole toolkit. And that toolkit doesn't just apply to one summer. It travels.

## Where Teachers Still Come In

None of this means teachers vanish from the picture. Structure still counts—maybe more than ever. Here's what that structure can look like:

- **Checklists of learning objectives** (""must include reading, writing, and something hands-on"")
- **Proposal forms**, so students sketch out their plan and get feedback before diving in
- **Check-ins** over the summer—email, shared doc, whatever works
- **Examples** of what strong projects have looked like in the past

A teacher might say: every project needs a reflective journal and some kind of final product. Beyond that? Topic and format are the student's call entirely. That's the sweet spot between accountability and freedom.

## ""But What If Kids Pick Something Too Easy?""

Fair concern. Younger students especially might gravitate toward projects with zero rigor—more fun than substance. It's a real risk. But the fix isn't scrapping student choice. It's tightening the guardrails. A rubric that demands specific skills, or sets a minimum time commitment, keeps things rigorous without stripping away the student's ownership of *what* they explore and *how* they explore it.

## Bottom Line

Summer projects work best when they actually belong to the kid—not just to the school's curriculum binder. Set the learning goals, sure. But let students choose their own topics and their own paths through them. Do that, and you land in a pretty good spot: enough structure that real learning happens, and enough freedom that the learning actually feels worth doing.",1.0,1786739435.9041562,1305,2418,641,2,True,exp5_L3_Summer_projects_15,0.009419152276295133,0.9379965991720597
L3,Mandatory extracurricular activities,86b56835ad8478ab,"# Why Mandatory Extracurriculars Miss the Point

I'm against this policy. Yes, extracurriculars can genuinely benefit students. But requiring everyone to participate? That misses what makes these activities worthwhile in the first place.

## You Can't Force Enthusiasm

Here's the thing about extracurriculars—they work because kids choose them. A student who joins robotics club because they're genuinely fascinated by circuits and code will pour hours into it, staying late, tinkering, actually caring about the outcome. Now take that same kid and stick them on the basketball team because the school needs a ""participation number."" What happens? They show up late, do the bare minimum, and probably grow to resent the whole thing. This isn't just intuition—motivation research backs it up again and again. Choice drives engagement. Compulsion kills it.

## Not Every Student's Life Looks the Same

Some students work fifteen hours a week to help pay bills at home. Others rush home every afternoon to watch younger siblings while parents are still at work. For these kids, tacking on a mandatory activity isn't some enriching opportunity—it's one more thing competing for time they don't have. Grades slip. Stress climbs. Maybe tension at home increases too. A blanket mandate assumes every student's after-school hours look the same. They don't, not even close.

## Growth Doesn't Only Happen in Sanctioned Clubs

Think about the student teaching themselves to code at midnight, or practicing guitar alone in their room for hours, or writing stories nobody's assigned them to write. Or the one quietly caring for a sick grandparent every single day. These students are building real discipline and character—arguably more than plenty of official school activities require. But none of it would count toward a mandate that only recognizes what's stamped ""school-approved.""

## What Would Actually Work

Rather than forcing participation, why not make joining easier and more appealing? Expand the range of activities offered. Cut costs. Fix transportation gaps. Build outreach programs and mentorship that pull students in rather than push them. This keeps choice intact while still chasing the same goal—more engaged students.

## Bottom Line

Extracurriculars should add something to a student's life, not pile onto it. The principal wants more engagement, and that's a fine goal. But mandating participation is the wrong tool for the job. Real engagement grows out of genuine opportunity and encouragement—never out of a requirement.",1.0,1786739468.8467426,966,1569,391,1,True,exp5_L3_Mandatory_extracurri_16,0.002583979328165375,0.9980520857642888
L3,Mandatory extracurricular activities,e758e60dff228639,"# Should Extracurricular Activities Be Mandatory? No.

Here's my problem with the principal's new rule requiring every student to join at least one club or team: it sounds good on paper, but it's going to blow up in our faces. Extracurriculars *are* valuable. Nobody's arguing that. The issue is forcing them.

## You Can't Mandate Enthusiasm

Clubs and sports work because kids actually want to be there. That's the whole engine driving the thing. Strip away choice, and what are you left with? A room full of bored, irritated students who'd rather be anywhere else. Take a kid with zero interest in public speaking and shove them onto the debate team—what happens? They zone out. Maybe they mess around and distract everyone else. Either way, the kids who genuinely care now have to deal with dead weight, and the whole activity suffers for it.

## Life Doesn't Stop When School Lets Out

Not every student goes home to homework and Netflix. Some are clocking in at part-time jobs because their family needs that paycheck. Some are watching younger siblings so mom and dad can work a double. Others have religious obligations, tutoring sessions, or family responsibilities that eat up every free hour they have. Tacking on a mandatory activity for these students isn't a minor inconvenience—it's asking them to choose between a school checkbox and things that actually matter to their household.

## What If Your Passion Isn't on the List?

Most schools offer the usual lineup: sports, student council, yearbook, maybe a foreign language club. Fine for some. But what about the kid obsessed with coding? Or the one who writes poetry alone in her room and has no interest in performing it? Or the animal lover with no outlet at school for that passion? Forcing these students into some random club just to satisfy a rule doesn't nurture what they're actually good at. It's a box getting checked, nothing more.

## So What Should We Do Instead?

Skip the mandate. Make participation something students *want*, not something they're forced into. A few ideas:

- Survey students and build clubs around what they're actually into
- Let students launch their own clubs if they can find a faculty sponsor
- Use school announcements to spotlight what current members are getting out of it
- Toss in small perks—recognition, minor privileges—for students who get involved

None of this strips away anyone's freedom. It just makes joining in feel worth it.

## Bottom Line

Yes, extracurriculars build confidence. Yes, they teach teamwork and spark friendships that last. But that only happens when a student walks in because they *want* to, not because a rule told them to. Mandating participation glosses over the real, messy lives students are juggling outside school hours. Instead of forcing the issue, the school should be selling it—better options, real encouragement, and recognition for the effort students are already putting in on their own terms.",1.0,1786739468.8563921,1090,1804,488,2,True,exp5_L3_Mandatory_extracurri_17,0.008264462809917356,0.8732171410807644
L3,Community service,305fe3f387e3861d,"Dear Principal Martinez,

I've been thinking a lot about whether all students should be required to do community service, and after talking to quite a few classmates about it, I've landed on a clear answer: yes, we should.

Here's why. Community service teaches things a classroom just can't. Take my friend Sarah—she tutors elementary kids twice a week. Through that, she's picked up patience, real communication skills, and the knack for breaking down hard concepts into something a seven-year-old can actually grasp. Those aren't throwaway skills. She'll carry them into whatever she does next, teaching or otherwise.

Then there's the community side of things. My friend James spends his Saturday mornings picking up litter at the local park. Because of him, families can actually have a picnic there now, and kids aren't dodging broken glass while they play. It's a small thing, maybe, but it adds up. When students put in work like this, they start feeling like they actually belong to the place they live in—not just residents, but participants.

Now, I know the pushback: students are busy. Between homework, sports, and jobs, who has time for more obligations? Fair point. But the fix seems simple enough—keep the requirement modest. Ten to fifteen hours a year, not fifty. Enough to make an impact without swallowing someone's whole schedule.

And here's the thing—right now, only the Sarahs and Jameses of our school are getting these experiences. Everyone else is missing out, not because they don't care, but because they've never been nudged to try it. Make it a requirement, and suddenly every student gets a shot at discovering something new about themselves. Maybe a hidden interest in teaching. Maybe environmental work. You don't know until you try, and right now, most students never get the chance to.

So that's my case. I'd genuinely encourage you to consider making community service mandatory, with a reasonable hour requirement built in. I think it would do real good—for students individually, and for the school as a whole.

Thanks for taking the time to read this.

Sincerely,
[Your Name]",1.0,1786739531.581486,960,1415,345,2,True,exp5_L3_Community_service_18,0.03812316715542522,0.9781090293632927
L3,Community service,f2e178d71996f22f,"Dear Principal Martinez,

I've been mulling over this community service requirement idea, and after talking to a bunch of classmates, I've landed somewhere specific: yes, require it. But I get why people are torn.

Take Sarah. She tutors third graders in reading, and she'll tell you flat out that she's picked up more patience and communication skills from that than from any classroom lecture. Or Marcus—he spends his weekends hauling trash out of the park by our school. Ask him about environmental issues now and you'll get an earful. Something shifts when you're the one doing the work instead of just reading about it.

Now, the pushback. Homework. Sports. Jobs. Family stuff. These aren't excuses—they're real. I'm not going to pretend otherwise. But here's the thing: the solution isn't scrapping the whole idea. It's building in flexibility. Let students log hours over school breaks. Give them a range instead of a rigid number. Let them pick projects that actually fit their lives, not some one-size-fits-all checklist.

Here's what textbooks can't teach: how to work alongside someone completely different from you, how to actually see the problems in your own neighborhood, what empathy feels like when it's not theoretical. And practically speaking? Colleges notice this stuff. Employers do too. So this isn't time stolen from our futures—it's time invested in them.

My suggestion: somewhere around 10 to 15 hours a year, with real choice built into the when and how. That's enough to matter without tipping into overwhelming.

Thanks for hearing me out on this. Get the balance right, and this could genuinely be good for all of us—students and community alike.

Sincerely,
[Your Name]",1.0,1786739557.8296733,914,1258,274,1,True,exp5_L3_Community_service_19,0.0,0.9993055013093713
L3,Grades for extracurricular activities,a1884318546e904f,"# A Letter to the Principal

Dear Principal Johnson,

I'm writing about the proposed policy requiring a B average for sports and extracurricular eligibility. I get the intention—push kids to care more about grades. But honestly? I think it backfires, and I'd like to explain why.

Here's the thing: extracurriculars are often the *reason* kids stay invested in school at all. Take away band, or drama, or basketball, and you might be removing the one thread connecting a struggling student to their classes. A kid barely scraping by academically might bust his butt just to stay eligible for the team. Raise that bar to a B, though, and suddenly it feels impossible. Why try if you're going to fail anyway?

There's also a fairness issue here. Not every student has a tutor. Not every student has a quiet room to study in, or parents who can help with homework after dinner. For some kids, a C average *is* the hard-won result of real effort against real obstacles. Stripping away their one bright spot—soccer practice, chess club, whatever it is—doesn't motivate them. It just piles on stress.

And then there's the research. Study after study shows extracurriculars boost academic performance, not drag it down. Time management. Discipline. Teamwork. These aren't soft skills; they're the exact tools kids need to succeed in the classroom. Cut the activities, and you might watch grades slide even further.

So what's the alternative? Keep a C-average requirement for accountability, sure—but pair it with support. Mandatory study halls. Tutoring check-ins. Progress reports for student-athletes who need a nudge. Something that keeps kids in the game instead of benching them entirely.

Thank you for taking the time to consider this. I hope it factors into your decision.

Sincerely,
A Concerned Student",1.0,1786739582.9834106,946,1294,293,2,True,exp5_L3_Grades_for_extracurr_20,0.020833333333333332,0.977385044754464
L3,Distance learning,c63079163e8de14f,"# Why Schools Should Offer Distance Learning—Not Force It

Here's the thing about distance learning: it's genuinely good for a lot of kids. But mandate it for everyone, and you've ruined it.

## Where the Benefits Actually Show Up

**It lets students build an environment that works for them.** Some kids can't think with thirty other people shuffling papers and whispering two seats over. Give them a quiet room and suddenly they're producing their best work. Others are morning people trapped in an afternoon schedule (or vice versa)—online learning, when it's flexible enough, lets them chase their own focus instead of fighting the school's clock.

**It opens doors that would otherwise stay shut.** Think about who actually needs this:

- A kid with a chronic illness who physically can't handle the commute and the hallways and the stairs, five days a week
- A rural student whose school doesn't offer AP Chemistry or Mandarin, but an online program does
- Someone getting bullied, for whom walking into that building is its own daily trauma
- A competitive gymnast or touring musician who's missing three weeks of class for a tournament in another state

None of these are edge cases. They're real students, right now, being underserved by a system built for one kind of learner.

**It forces independence—whether students want it or not.** No teacher's going to tap you on the shoulder when your mind wanders during an asynchronous module. You either learn to manage your own time, or you fall behind fast. That's uncomfortable, sure. It's also exactly the skill set that college professors and future bosses expect you to already have.

**And, practically speaking: it saves time and money.** Cut the commute, and suddenly there's an extra hour for sleep, or homework, or just being a kid. Families save on gas. It adds up.

## But Let's Not Pretend It's Perfect

Distance learning has real costs. Kids lose the casual, unplanned social stuff—the hallway conversations, the group projects where you're physically bumping elbows with a lab partner. Some students absolutely need a teacher standing over their shoulder, or they'll drift. Structure matters, and a screen doesn't provide it the same way a physical classroom does.

## So What's the Answer?

Don't force everyone into one box. The smartest move is keeping distance learning available as a choice, not a mandate—letting families pick the setup that actually fits their kid. That way, the student who's drowning in a traditional classroom gets a lifeline, while the one who thrives on structure and face-to-face interaction keeps what works for them.

Flexibility should serve the student. Not the other way around.",1.0,1786739681.382872,1006,1612,439,1,True,exp5_L3_Distance_learning_21,0.006896551724137931,0.9870822987124728
L3,Distance learning,ec4bf6da1fef1776,"# Why Kids Should Get to Choose Distance Learning

Here's the thing: students would genuinely benefit from having the option to log in from home. Not as a full replacement for school—as a choice. That distinction matters more than people realize.

## The Case For It

**Life doesn't pause for school schedules.**

Every kid's home situation is different. Some are nursing sick parents. Some face hour-long bus rides. Some are dealing with a broken ankle or a bad flare-up of a chronic illness. Take a student who just had surgery—instead of missing three weeks of algebra and scrambling to catch up, they could just... log into class. Problem solved.

**Not everyone thrives in a crowded room.**

Anxiety. Bullying. Sensory overload. These aren't small things, and for some students they're the actual barrier to learning—not the material itself. Strip away the social noise, and suddenly kids can focus on what's being taught instead of surviving the hallway between classes. Ironically, a student too nervous to raise their hand might type out a thoughtful response in a chat box without hesitation.

**Sometimes the good class just isn't down the hall.**

Rural schools can't offer everything. Neither can small ones. Distance learning cracks that door open—suddenly a kid obsessed with engineering can take a university-level course, or a student in a town of 900 people can finally study Mandarin instead of settling for whatever's on the schedule.

**And there's the self-discipline factor.**

Managing your own coursework, staying on top of deadlines without someone hovering—that's not nothing. Those skills translate directly into college and, later, into jobs that expect exactly that kind of independence.

## But Let's Not Pretend It's Perfect

Critics have a point, and it's worth taking seriously. Kids lose hands-on interaction. Friendships get harder to build through a screen. Teachers can't always tell when a student's struggling if they're just a name in a video call grid. Younger students in particular often need that physical structure—the walk to class, the person standing at the front of the room—to actually stay engaged.

## So, Where Does That Leave Us?

Somewhere in the middle, honestly. This doesn't have to be all-or-nothing. Schools could simply offer distance learning as one option among several—something to lean on during a rough patch, or blend with regular attendance when it makes sense. The goal isn't ditching physical classrooms. It's giving students some say in *how* they show up to learn. And that, more than anything, is what keeps them engaged for the long haul.",1.0,1786739681.3949084,971,1620,417,0,True,exp5_L3_Distance_learning_22,0.009685230024213076,0.9997636660488218
L3,Seeking multiple opinions,6b2f1eb45dc4a7f3,"# Why Two (or Ten) Heads Beat One When Making Big Decisions

You're standing at a crossroads. Do you call one trusted friend, or do you poll everyone you know? Turns out, the second option usually wins—and here's why.

## 1. Blind Spots Get Exposed

We all have them. Your buddy might catch the practical stuff you totally missed, while your sister zeroes in on how you'll *feel* about the choice six months from now.

*Say you're mulling over a job offer. Ask a mentor and they'll talk trajectory and growth. Ask your mom, and suddenly work-life balance is the whole conversation. Ping a friend already in that industry, and you'll get the inside scoop on whether the company's culture is actually as great as the recruiter claims. Stack these together, and you get something no single conversation could hand you: the full picture.*

## 2. Bias Has Nowhere to Hide

Here's an uncomfortable truth: sometimes the person giving you advice has skin in the game. Maybe they benefit from you saying yes. Maybe they just don't know enough to give a real answer. Either way—one voice, one risk.

*Ask your business partner if you should launch that startup, and guess what? They're probably going to say yes. It benefits them too. But loop in an accountant who has zero stake in your decision, or someone who's actually built a company before and failed once or twice? Now you're getting a reality check instead of a pep talk.*

## 3. When Everyone Agrees, You Can Actually Relax

There's something powerful about consensus. When three people from wildly different corners of your life land on the same advice, that's not coincidence—that's signal. And when opinions clash hard? That's your cue to slow down and dig deeper before committing.

*Picture a student choosing between colleges. Their teacher says one thing. Their counselor agrees. Even their older sibling, who usually disagrees with everyone, nods along. That kind of alignment doesn't just feel reassuring—it *is* reassuring.*

## 4. Nobody Knows Everything (Sorry)

Expertise is scattered. One person's got the market knowledge; another understands the legal fine print; a third has actually lived through the headache you're about to sign up for.

*First-time homebuyer? You'll want a real estate agent explaining pricing trends, a lawyer decoding the contract's fine print, and a homeowner friend warning you about the surprise costs nobody mentions until it's too late. Three different lenses, three different kinds of value.*

## The Bottom Line

Think of it like triangulation—you're not looking for one perfect answer from one perfect source. You're gathering enough data points to zero in on the truth. Multiple opinions cut through the noise: less risk of bad advice, less chance you're missing something crucial, and a whole lot more confidence when it's finally time to decide.",1.0,1786739733.5033524,971,1686,468,1,True,exp5_L3_Seeking_multiple_opi_23,0.0021551724137931034,0.9992011386999969
L3,Seeking multiple opinions,19c5d8d3117f1ddb,"# Why Two (or Ten) Heads Beat One

Here's a question worth sitting with: why do we still ask around before making a big decision, even in the age of Google? Because the internet gives you information. People give you judgment. And judgment, it turns out, is contagious in the best way.

## 1. Nobody's a Walking Encyclopedia

Say you're mulling over a job offer. Your accountant friend will zero in on the numbers—salary, benefits, the fine print you'd have skimmed past. Someone who's spent fifteen years in that industry? They'll tell you about the culture, the burnout rate, whether the ""flexible hours"" promise is real or a polite lie. Neither one has the whole picture. Stack their views together, though, and suddenly you do.

## 2. Bias Doesn't Announce Itself

Here's the tricky part about bias: it never feels like bias from the inside. Your dad, giving advice about your college choice, might steer you toward the safe, sensible path—not because it's right for you, but because of some regret he's never quite named. Your friend might do the opposite, pushing you toward the leap, the risk, the ""you only live once"" version of events. Neither is lying to you. They're just filtered. And the only real fix for one filter is another filter, or three.

## 3. You Can't Ask About What You Don't Know Exists

This one's sneaky. Someone starting a small business might have a solid grip on the product, the marketing, the pitch—and zero idea they need to ask a lawyer about liability structures. That's not a knowledge gap you can close by thinking harder. It closes when a business owner, an accountant, and a lawyer each poke at your plan from a different angle and something falls out that you never knew to look for.

## 4. Advice and Comfort Aren't the Same Job

Somebody deciding whether to leave a long relationship needs two very different things, and rarely from the same person. A friend will sit with you at 1 a.m. and just *get it*—no analysis required. A therapist, meanwhile, might hand you a framework, some distance, a way to see the situation without drowning in it. Ask only the friend, and you might never get unstuck. Ask only the therapist, and you might feel understood on paper but alone in practice.

## 5. Agreement Is Data. So Is Disagreement.

When three people you trust, coming from three completely different places, all land on the same warning—pay attention. That's not coincidence; that's signal. And when opinions scatter all over the map? That's useful too. It's the universe (or at least your social circle) telling you: slow down, this one's not as simple as it looked ten minutes ago.

---

### So What's the Real Point?

It's not about tallying votes and going with the majority. It's about triangulation—gathering enough angles, enough friction, enough honest pushback that the decision you land on actually holds up. Ask one person, and you get their answer. Ask several, and you get something closer to the truth.",1.0,1786739733.5060308,1000,1730,509,2,True,exp5_L3_Seeking_multiple_opi_24,0.0039603960396039604,0.8915060926551919
L3,Seeking multiple opinions,f30e66e733a541ad,"# Why You Should Ask More Than One Person

Here's something most people figure out the hard way: relying on a single opinion, even from someone smart, is risky. Ask around a bit more, though, and decisions tend to get sharper. Here's why.

**Everyone knows something different.** Say you're weighing a job offer. Your mentor in that field? They'll talk trajectory and growth. A financial advisor cares about the number on the paycheck. Your best friend, meanwhile, is going to ask if you'll ever see your family again. None of them has the whole picture—but stack their answers together, and suddenly you do.

**Bias sneaks in more than you'd think.** Ask your parents if you should move across the country, and don't be shocked if they nudge you toward staying put. It's not manipulation, just human nature—their perspective is tangled up in wanting you nearby. Balance that out. Talk to a friend who's already made the leap. Find a career counselor who has zero emotional stake in your zip code.

**Repetition is data.** One person raising a concern is an opinion. Three unconnected people raising the *same* concern? That's a pattern, and patterns deserve attention. If three separate friends independently warn that your business idea is walking into oversaturated territory, that's not noise—that's a signal worth sitting with.

**Watch out for the echo chamber.** It's comfortable to only talk to people who already agree with you. Comfortable, and useless. The real value often comes from the person who pushes back—the skeptic you consult right when you're most excited about something, precisely because they'll poke at the parts you didn't want to examine.

**And sometimes, agreement is the whole point.** When a teacher, an advisor, and a working professional all independently tell a student the same major fits them? That's not just information. That's reassurance, and reassurance matters when you're staring down a big decision.

Think of it like a puzzle. One person hands you a piece. Another hands you a different piece. Alone, none of them show you much. Together? A picture starts forming—one that's a lot harder to see when you only ask one person and call it done.",1.0,1786739765.6509547,943,1397,360,0,True,exp5_L3_Seeking_multiple_opi_25,0.025280898876404494,0.9910247789960875
